# Figure 4D - Olaparib dose-response and IC50 (Methods §2.5; Fig. 4D)
#
# Raw absorbance measurements (8-point dose-response 0-200 uM + DMSO + Media)
# with n=3 biological replicates x 3 technical replicates per genotype.
# IC50 values fit in GraphPad Prism v10 (4-parameter logistic, variable slope,
# top constrained to 100%, bottom to 0%). Per-BR IC50 values come directly
# from Prism output; across-BR mean +/- SEM is computed from the three
# per-BR IC50s.
#
# Genotypes:
#   HEK293T_Parental  - parental HEK293T (wild-type BRCA2)
#   BRCA2_I1962T      - HEK293T knock-in of BRCA2 I1962T variant
#   BRCA1_Q1200X      - HEK293T knock-in of BRCA1 Q1200X (positive control)
#
# Special concentrations:
#   DMSO              - vehicle-only control (max viability)
#   Media             - media-only blank (assay baseline)
#
# measurement_type values:
#   absorbance         - raw individual-technical-replicate reading
#   absorbance_BR_mean - per-biological-replicate mean of the 3 technical reps
#   IC50_uM_per_BR     - Prism-fit IC50 for each biological replicate
#   IC50_mean_uM       - across-BR mean IC50 (reported value in Fig. 4D)
#   IC50_sem_uM        - across-BR SEM of the per-BR IC50s
cell_line	biological_replicate	technical_replicate	measurement_type	concentration_uM	value
BRCA1_Q1200X	BR1	T1	absorbance	200	0.1952
BRCA1_Q1200X	BR1	T2	absorbance	200	0.1945
BRCA1_Q1200X	BR1	T3	absorbance	200	0.1951
BRCA1_Q1200X	BR1	NA	absorbance_BR_mean	200	0.1949
BRCA1_Q1200X	BR2	T1	absorbance	200	0.3916
BRCA1_Q1200X	BR2	T2	absorbance	200	0.3894
BRCA1_Q1200X	BR2	T3	absorbance	200	0.3427
BRCA1_Q1200X	BR2	NA	absorbance_BR_mean	200	0.3746
BRCA1_Q1200X	BR3	T1	absorbance	200	0.2857
BRCA1_Q1200X	BR3	T2	absorbance	200	0.2934
BRCA1_Q1200X	BR3	T3	absorbance	200	0.2896
BRCA1_Q1200X	BR3	NA	absorbance_BR_mean	200	0.2896
BRCA1_Q1200X	BR1	T1	absorbance	50	0.1943
BRCA1_Q1200X	BR1	T2	absorbance	50	0.1873
BRCA1_Q1200X	BR1	T3	absorbance	50	0.1855
BRCA1_Q1200X	BR1	NA	absorbance_BR_mean	50	0.189
BRCA1_Q1200X	BR2	T1	absorbance	50	0.3936
BRCA1_Q1200X	BR2	T2	absorbance	50	0.37
BRCA1_Q1200X	BR2	T3	absorbance	50	0.3617
BRCA1_Q1200X	BR2	NA	absorbance_BR_mean	50	0.3751
BRCA1_Q1200X	BR3	T1	absorbance	50	0.3051
BRCA1_Q1200X	BR3	T2	absorbance	50	0.292
BRCA1_Q1200X	BR3	T3	absorbance	50	0.3065
BRCA1_Q1200X	BR3	NA	absorbance_BR_mean	50	0.3012
BRCA1_Q1200X	BR1	T1	absorbance	12.5	0.1936
BRCA1_Q1200X	BR1	T2	absorbance	12.5	0.1884
BRCA1_Q1200X	BR1	T3	absorbance	12.5	0.1877
BRCA1_Q1200X	BR1	NA	absorbance_BR_mean	12.5	0.1899
BRCA1_Q1200X	BR2	T1	absorbance	12.5	0.5301
BRCA1_Q1200X	BR2	T2	absorbance	12.5	0.3483
BRCA1_Q1200X	BR2	T3	absorbance	12.5	0.3551
BRCA1_Q1200X	BR2	NA	absorbance_BR_mean	12.5	0.4112
BRCA1_Q1200X	BR3	T1	absorbance	12.5	0.3028
BRCA1_Q1200X	BR3	T2	absorbance	12.5	0.3182
BRCA1_Q1200X	BR3	T3	absorbance	12.5	0.3199
BRCA1_Q1200X	BR3	NA	absorbance_BR_mean	12.5	0.3136
BRCA1_Q1200X	BR1	T1	absorbance	3.125	0.2795
BRCA1_Q1200X	BR1	T2	absorbance	3.125	0.3057
BRCA1_Q1200X	BR1	T3	absorbance	3.125	0.306
BRCA1_Q1200X	BR1	NA	absorbance_BR_mean	3.125	0.2971
BRCA1_Q1200X	BR2	T1	absorbance	3.125	0.5579
BRCA1_Q1200X	BR2	T2	absorbance	3.125	0.5278
BRCA1_Q1200X	BR2	T3	absorbance	3.125	0.5703
BRCA1_Q1200X	BR2	NA	absorbance_BR_mean	3.125	0.552
BRCA1_Q1200X	BR3	T1	absorbance	3.125	0.394
BRCA1_Q1200X	BR3	T2	absorbance	3.125	0.5302
BRCA1_Q1200X	BR3	T3	absorbance	3.125	0.5204
BRCA1_Q1200X	BR3	NA	absorbance_BR_mean	3.125	0.4815
BRCA1_Q1200X	BR1	T1	absorbance	0.78	0.3683
BRCA1_Q1200X	BR1	T2	absorbance	0.78	0.4202
BRCA1_Q1200X	BR1	T3	absorbance	0.78	0.4078
BRCA1_Q1200X	BR1	NA	absorbance_BR_mean	0.78	0.3988
BRCA1_Q1200X	BR2	T1	absorbance	0.78	0.6565
BRCA1_Q1200X	BR2	T2	absorbance	0.78	0.6662
BRCA1_Q1200X	BR2	T3	absorbance	0.78	0.7084
BRCA1_Q1200X	BR2	NA	absorbance_BR_mean	0.78	0.677
BRCA1_Q1200X	BR3	T1	absorbance	0.78	0.8153
BRCA1_Q1200X	BR3	T2	absorbance	0.78	0.5656
BRCA1_Q1200X	BR3	T3	absorbance	0.78	0.7777
BRCA1_Q1200X	BR3	NA	absorbance_BR_mean	0.78	0.7195
BRCA1_Q1200X	BR1	T1	absorbance	0.195	0.4229
BRCA1_Q1200X	BR1	T2	absorbance	0.195	0.436
BRCA1_Q1200X	BR1	T3	absorbance	0.195	0.4349
BRCA1_Q1200X	BR1	NA	absorbance_BR_mean	0.195	0.4313
BRCA1_Q1200X	BR2	T1	absorbance	0.195	0.7258
BRCA1_Q1200X	BR2	T2	absorbance	0.195	0.7009
BRCA1_Q1200X	BR2	T3	absorbance	0.195	0.7549
BRCA1_Q1200X	BR2	NA	absorbance_BR_mean	0.195	0.7272
BRCA1_Q1200X	BR3	T1	absorbance	0.195	0.7778
BRCA1_Q1200X	BR3	T2	absorbance	0.195	0.7466
BRCA1_Q1200X	BR3	T3	absorbance	0.195	0.8352
BRCA1_Q1200X	BR3	NA	absorbance_BR_mean	0.195	0.7865
BRCA1_Q1200X	BR1	T1	absorbance	0.049	0.4139
BRCA1_Q1200X	BR1	T2	absorbance	0.049	0.4427
BRCA1_Q1200X	BR1	T3	absorbance	0.049	0.4826
BRCA1_Q1200X	BR1	NA	absorbance_BR_mean	0.049	0.4464
BRCA1_Q1200X	BR2	T1	absorbance	0.049	0.6757
BRCA1_Q1200X	BR2	T2	absorbance	0.049	0.8854
BRCA1_Q1200X	BR2	T3	absorbance	0.049	0.8545
BRCA1_Q1200X	BR2	NA	absorbance_BR_mean	0.049	0.8052
BRCA1_Q1200X	BR3	T1	absorbance	0.049	0.8016
BRCA1_Q1200X	BR3	T2	absorbance	0.049	0.6089
BRCA1_Q1200X	BR3	T3	absorbance	0.049	0.7714
BRCA1_Q1200X	BR3	NA	absorbance_BR_mean	0.049	0.7273
BRCA1_Q1200X	BR1	T1	absorbance	0.0122	0.4629
BRCA1_Q1200X	BR1	T2	absorbance	0.0122	0.4229
BRCA1_Q1200X	BR1	T3	absorbance	0.0122	0.4295
BRCA1_Q1200X	BR1	NA	absorbance_BR_mean	0.0122	0.4384
BRCA1_Q1200X	BR2	T1	absorbance	0.0122	0.9893
BRCA1_Q1200X	BR2	T2	absorbance	0.0122	0.633
BRCA1_Q1200X	BR2	T3	absorbance	0.0122	0.7803
BRCA1_Q1200X	BR2	NA	absorbance_BR_mean	0.0122	0.8009
BRCA1_Q1200X	BR3	T1	absorbance	0.0122	0.7884
BRCA1_Q1200X	BR3	T2	absorbance	0.0122	0.7705
BRCA1_Q1200X	BR3	T3	absorbance	0.0122	0.7465
BRCA1_Q1200X	BR3	NA	absorbance_BR_mean	0.0122	0.7685
BRCA1_Q1200X	BR1	T1	absorbance	0.003	0.4241
BRCA1_Q1200X	BR1	T2	absorbance	0.003	0.4492
BRCA1_Q1200X	BR1	T3	absorbance	0.003	0.4479
BRCA1_Q1200X	BR1	NA	absorbance_BR_mean	0.003	0.4404
BRCA1_Q1200X	BR2	T1	absorbance	0.003	0.8508
BRCA1_Q1200X	BR2	T2	absorbance	0.003	0.8628
BRCA1_Q1200X	BR2	T3	absorbance	0.003	0.9017
BRCA1_Q1200X	BR2	NA	absorbance_BR_mean	0.003	0.8718
BRCA1_Q1200X	BR3	T1	absorbance	0.003	0.9818
BRCA1_Q1200X	BR3	T2	absorbance	0.003	0.9025
BRCA1_Q1200X	BR3	T3	absorbance	0.003	0.7845
BRCA1_Q1200X	BR3	NA	absorbance_BR_mean	0.003	0.8896
BRCA1_Q1200X	BR1	T1	absorbance	DMSO	0.421
BRCA1_Q1200X	BR1	T2	absorbance	DMSO	0.446
BRCA1_Q1200X	BR1	T3	absorbance	DMSO	0.4467
BRCA1_Q1200X	BR1	NA	absorbance_BR_mean	DMSO	0.4379
BRCA1_Q1200X	BR2	T1	absorbance	DMSO	0.8016
BRCA1_Q1200X	BR2	T2	absorbance	DMSO	0.7499
BRCA1_Q1200X	BR2	T3	absorbance	DMSO	0.7087
BRCA1_Q1200X	BR2	NA	absorbance_BR_mean	DMSO	0.7534
BRCA1_Q1200X	BR3	T1	absorbance	DMSO	0.7713
BRCA1_Q1200X	BR3	T2	absorbance	DMSO	0.6837
BRCA1_Q1200X	BR3	T3	absorbance	DMSO	0.7317
BRCA1_Q1200X	BR3	NA	absorbance_BR_mean	DMSO	0.7289
BRCA1_Q1200X	BR1	T1	absorbance	Media	0.4363
BRCA1_Q1200X	BR1	T2	absorbance	Media	0.4341
BRCA1_Q1200X	BR1	T3	absorbance	Media	0.4312
BRCA1_Q1200X	BR1	NA	absorbance_BR_mean	Media	0.4339
BRCA1_Q1200X	BR2	T1	absorbance	Media	0.9137
BRCA1_Q1200X	BR2	T2	absorbance	Media	0.7349
BRCA1_Q1200X	BR2	T3	absorbance	Media	0.9045
BRCA1_Q1200X	BR2	NA	absorbance_BR_mean	Media	0.851
BRCA1_Q1200X	BR3	T1	absorbance	Media	0.8641
BRCA1_Q1200X	BR3	T2	absorbance	Media	0.9562
BRCA1_Q1200X	BR3	T3	absorbance	Media	0.9364
BRCA1_Q1200X	BR3	NA	absorbance_BR_mean	Media	0.9189
BRCA1_Q1200X	BR1	NA	IC50_uM_per_BR	NA	2.5
BRCA1_Q1200X	BR2	NA	IC50_uM_per_BR	NA	1.6
BRCA1_Q1200X	BR3	NA	IC50_uM_per_BR	NA	2.2
BRCA2_I1962T	BR1	T1	absorbance	200	0.179
BRCA2_I1962T	BR1	T2	absorbance	200	0.1703
BRCA2_I1962T	BR1	T3	absorbance	200	0.176
BRCA2_I1962T	BR1	NA	absorbance_BR_mean	200	0.1751
BRCA2_I1962T	BR2	T1	absorbance	200	0.2296
BRCA2_I1962T	BR2	T2	absorbance	200	0.2358
BRCA2_I1962T	BR2	T3	absorbance	200	0.211
BRCA2_I1962T	BR2	NA	absorbance_BR_mean	200	0.2255
BRCA2_I1962T	BR3	T1	absorbance	200	0.2038
BRCA2_I1962T	BR3	T2	absorbance	200	0.1965
BRCA2_I1962T	BR3	T3	absorbance	200	0.1952
BRCA2_I1962T	BR3	NA	absorbance_BR_mean	200	0.1985
BRCA2_I1962T	BR1	T1	absorbance	50	0.1777
BRCA2_I1962T	BR1	T2	absorbance	50	0.1785
BRCA2_I1962T	BR1	T3	absorbance	50	0.1751
BRCA2_I1962T	BR1	NA	absorbance_BR_mean	50	0.1771
BRCA2_I1962T	BR2	T1	absorbance	50	0.2182
BRCA2_I1962T	BR2	T2	absorbance	50	0.2118
BRCA2_I1962T	BR2	T3	absorbance	50	0.2095
BRCA2_I1962T	BR2	NA	absorbance_BR_mean	50	0.2132
BRCA2_I1962T	BR3	T1	absorbance	50	0.2032
BRCA2_I1962T	BR3	T2	absorbance	50	0.1957
BRCA2_I1962T	BR3	T3	absorbance	50	0.193
BRCA2_I1962T	BR3	NA	absorbance_BR_mean	50	0.1973
BRCA2_I1962T	BR1	T1	absorbance	12.5	0.175
BRCA2_I1962T	BR1	T2	absorbance	12.5	0.171
BRCA2_I1962T	BR1	T3	absorbance	12.5	0.1709
BRCA2_I1962T	BR1	NA	absorbance_BR_mean	12.5	0.1723
BRCA2_I1962T	BR2	T1	absorbance	12.5	0.2082
BRCA2_I1962T	BR2	T2	absorbance	12.5	0.2193
BRCA2_I1962T	BR2	T3	absorbance	12.5	0.2062
BRCA2_I1962T	BR2	NA	absorbance_BR_mean	12.5	0.2112
BRCA2_I1962T	BR3	T1	absorbance	12.5	0.1957
BRCA2_I1962T	BR3	T2	absorbance	12.5	0.1981
BRCA2_I1962T	BR3	T3	absorbance	12.5	0.1941
BRCA2_I1962T	BR3	NA	absorbance_BR_mean	12.5	0.196
BRCA2_I1962T	BR1	T1	absorbance	3.125	0.2128
BRCA2_I1962T	BR1	T2	absorbance	3.125	0.2197
BRCA2_I1962T	BR1	T3	absorbance	3.125	0.2182
BRCA2_I1962T	BR1	NA	absorbance_BR_mean	3.125	0.2169
BRCA2_I1962T	BR2	T1	absorbance	3.125	0.3489
BRCA2_I1962T	BR2	T2	absorbance	3.125	0.3834
BRCA2_I1962T	BR2	T3	absorbance	3.125	0.3499
BRCA2_I1962T	BR2	NA	absorbance_BR_mean	3.125	0.3607
BRCA2_I1962T	BR3	T1	absorbance	3.125	0.2436
BRCA2_I1962T	BR3	T2	absorbance	3.125	0.2505
BRCA2_I1962T	BR3	T3	absorbance	3.125	0.2261
BRCA2_I1962T	BR3	NA	absorbance_BR_mean	3.125	0.2401
BRCA2_I1962T	BR1	T1	absorbance	0.78	0.2365
BRCA2_I1962T	BR1	T2	absorbance	0.78	0.2517
BRCA2_I1962T	BR1	T3	absorbance	0.78	0.2492
BRCA2_I1962T	BR1	NA	absorbance_BR_mean	0.78	0.2458
BRCA2_I1962T	BR2	T1	absorbance	0.78	0.5739
BRCA2_I1962T	BR2	T2	absorbance	0.78	0.4923
BRCA2_I1962T	BR2	T3	absorbance	0.78	0.4791
BRCA2_I1962T	BR2	NA	absorbance_BR_mean	0.78	0.5151
BRCA2_I1962T	BR3	T1	absorbance	0.78	0.2769
BRCA2_I1962T	BR3	T2	absorbance	0.78	0.2799
BRCA2_I1962T	BR3	T3	absorbance	0.78	0.2793
BRCA2_I1962T	BR3	NA	absorbance_BR_mean	0.78	0.2787
BRCA2_I1962T	BR1	T1	absorbance	0.195	0.2462
BRCA2_I1962T	BR1	T2	absorbance	0.195	0.2562
BRCA2_I1962T	BR1	T3	absorbance	0.195	0.2711
BRCA2_I1962T	BR1	NA	absorbance_BR_mean	0.195	0.2578
BRCA2_I1962T	BR2	T1	absorbance	0.195	0.4628
BRCA2_I1962T	BR2	T2	absorbance	0.195	0.5313
BRCA2_I1962T	BR2	T3	absorbance	0.195	0.5798
BRCA2_I1962T	BR2	NA	absorbance_BR_mean	0.195	0.5246
BRCA2_I1962T	BR3	T1	absorbance	0.195	0.2844
BRCA2_I1962T	BR3	T2	absorbance	0.195	0.2798
BRCA2_I1962T	BR3	T3	absorbance	0.195	0.2673
BRCA2_I1962T	BR3	NA	absorbance_BR_mean	0.195	0.2772
BRCA2_I1962T	BR1	T1	absorbance	0.049	0.251
BRCA2_I1962T	BR1	T2	absorbance	0.049	0.281
BRCA2_I1962T	BR1	T3	absorbance	0.049	0.2741
BRCA2_I1962T	BR1	NA	absorbance_BR_mean	0.049	0.2687
BRCA2_I1962T	BR2	T1	absorbance	0.049	0.5153
BRCA2_I1962T	BR2	T2	absorbance	0.049	0.5684
BRCA2_I1962T	BR2	T3	absorbance	0.049	0.5575
BRCA2_I1962T	BR2	NA	absorbance_BR_mean	0.049	0.5471
BRCA2_I1962T	BR3	T1	absorbance	0.049	0.2828
BRCA2_I1962T	BR3	T2	absorbance	0.049	0.3113
BRCA2_I1962T	BR3	T3	absorbance	0.049	0.2768
BRCA2_I1962T	BR3	NA	absorbance_BR_mean	0.049	0.2903
BRCA2_I1962T	BR1	T1	absorbance	0.0122	0.257
BRCA2_I1962T	BR1	T2	absorbance	0.0122	0.2722
BRCA2_I1962T	BR1	T3	absorbance	0.0122	0.2704
BRCA2_I1962T	BR1	NA	absorbance_BR_mean	0.0122	0.2665
BRCA2_I1962T	BR2	T1	absorbance	0.0122	0.5401
BRCA2_I1962T	BR2	T2	absorbance	0.0122	0.5718
BRCA2_I1962T	BR2	T3	absorbance	0.0122	0.5875
BRCA2_I1962T	BR2	NA	absorbance_BR_mean	0.0122	0.5665
BRCA2_I1962T	BR3	T1	absorbance	0.0122	0.3364
BRCA2_I1962T	BR3	T2	absorbance	0.0122	0.3267
BRCA2_I1962T	BR3	T3	absorbance	0.0122	0.2916
BRCA2_I1962T	BR3	NA	absorbance_BR_mean	0.0122	0.3182
BRCA2_I1962T	BR1	T1	absorbance	0.003	0.2564
BRCA2_I1962T	BR1	T2	absorbance	0.003	0.2661
BRCA2_I1962T	BR1	T3	absorbance	0.003	0.2701
BRCA2_I1962T	BR1	NA	absorbance_BR_mean	0.003	0.2642
BRCA2_I1962T	BR2	T1	absorbance	0.003	0.5298
BRCA2_I1962T	BR2	T2	absorbance	0.003	0.5967
BRCA2_I1962T	BR2	T3	absorbance	0.003	0.5085
BRCA2_I1962T	BR2	NA	absorbance_BR_mean	0.003	0.545
BRCA2_I1962T	BR3	T1	absorbance	0.003	0.296
BRCA2_I1962T	BR3	T2	absorbance	0.003	0.2944
BRCA2_I1962T	BR3	T3	absorbance	0.003	0.2908
BRCA2_I1962T	BR3	NA	absorbance_BR_mean	0.003	0.2937
BRCA2_I1962T	BR1	T1	absorbance	DMSO	0.2543
BRCA2_I1962T	BR1	T2	absorbance	DMSO	0.2726
BRCA2_I1962T	BR1	T3	absorbance	DMSO	0.2725
BRCA2_I1962T	BR1	NA	absorbance_BR_mean	DMSO	0.2665
BRCA2_I1962T	BR2	T1	absorbance	DMSO	0.505
BRCA2_I1962T	BR2	T2	absorbance	DMSO	0.5082
BRCA2_I1962T	BR2	T3	absorbance	DMSO	0.6178
BRCA2_I1962T	BR2	NA	absorbance_BR_mean	DMSO	0.5437
BRCA2_I1962T	BR3	T1	absorbance	DMSO	0.3019
BRCA2_I1962T	BR3	T2	absorbance	DMSO	0.2819
BRCA2_I1962T	BR3	T3	absorbance	DMSO	0.2925
BRCA2_I1962T	BR3	NA	absorbance_BR_mean	DMSO	0.2921
BRCA2_I1962T	BR1	T1	absorbance	Media	0.2439
BRCA2_I1962T	BR1	T2	absorbance	Media	0.249
BRCA2_I1962T	BR1	T3	absorbance	Media	0.2558
BRCA2_I1962T	BR1	NA	absorbance_BR_mean	Media	0.2496
BRCA2_I1962T	BR2	T1	absorbance	Media	0.5503
BRCA2_I1962T	BR2	T2	absorbance	Media	0.4941
BRCA2_I1962T	BR2	T3	absorbance	Media	0.5018
BRCA2_I1962T	BR2	NA	absorbance_BR_mean	Media	0.5154
BRCA2_I1962T	BR3	T1	absorbance	Media	0.2614
BRCA2_I1962T	BR3	T2	absorbance	Media	0.274
BRCA2_I1962T	BR3	T3	absorbance	Media	0.2656
BRCA2_I1962T	BR3	NA	absorbance_BR_mean	Media	0.267
BRCA2_I1962T	BR1	NA	IC50_uM_per_BR	NA	2.5
BRCA2_I1962T	BR2	NA	IC50_uM_per_BR	NA	2.3
BRCA2_I1962T	BR3	NA	IC50_uM_per_BR	NA	2.7
HEK293T_Parental	BR1	T1	absorbance	200	0.344
HEK293T_Parental	BR1	T2	absorbance	200	0.362
HEK293T_Parental	BR1	T3	absorbance	200	0.3968
HEK293T_Parental	BR1	NA	absorbance_BR_mean	200	0.3676
HEK293T_Parental	BR2	T1	absorbance	200	0.4969
HEK293T_Parental	BR2	T2	absorbance	200	0.4584
HEK293T_Parental	BR2	T3	absorbance	200	0.44
HEK293T_Parental	BR2	NA	absorbance_BR_mean	200	0.4651
HEK293T_Parental	BR3	T1	absorbance	200	0.3247
HEK293T_Parental	BR3	T2	absorbance	200	0.3549
HEK293T_Parental	BR3	T3	absorbance	200	0.3694
HEK293T_Parental	BR3	NA	absorbance_BR_mean	200	0.3497
HEK293T_Parental	BR1	T1	absorbance	50	0.3482
HEK293T_Parental	BR1	T2	absorbance	50	0.3746
HEK293T_Parental	BR1	T3	absorbance	50	0.4414
HEK293T_Parental	BR1	NA	absorbance_BR_mean	50	0.3881
HEK293T_Parental	BR2	T1	absorbance	50	0.4481
HEK293T_Parental	BR2	T2	absorbance	50	0.4539
HEK293T_Parental	BR2	T3	absorbance	50	0.4177
HEK293T_Parental	BR2	NA	absorbance_BR_mean	50	0.4399
HEK293T_Parental	BR3	T1	absorbance	50	0.3645
HEK293T_Parental	BR3	T2	absorbance	50	0.3467
HEK293T_Parental	BR3	T3	absorbance	50	0.3682
HEK293T_Parental	BR3	NA	absorbance_BR_mean	50	0.3598
HEK293T_Parental	BR1	T1	absorbance	12.5	0.3774
HEK293T_Parental	BR1	T2	absorbance	12.5	0.379
HEK293T_Parental	BR1	T3	absorbance	12.5	0.5149
HEK293T_Parental	BR1	NA	absorbance_BR_mean	12.5	0.4238
HEK293T_Parental	BR2	T1	absorbance	12.5	0.4604
HEK293T_Parental	BR2	T2	absorbance	12.5	0.4314
HEK293T_Parental	BR2	T3	absorbance	12.5	0.4611
HEK293T_Parental	BR2	NA	absorbance_BR_mean	12.5	0.451
HEK293T_Parental	BR3	T1	absorbance	12.5	0.323
HEK293T_Parental	BR3	T2	absorbance	12.5	0.3686
HEK293T_Parental	BR3	T3	absorbance	12.5	0.3667
HEK293T_Parental	BR3	NA	absorbance_BR_mean	12.5	0.3528
HEK293T_Parental	BR1	T1	absorbance	3.125	0.9314
HEK293T_Parental	BR1	T2	absorbance	3.125	0.82
HEK293T_Parental	BR1	T3	absorbance	3.125	0.938
HEK293T_Parental	BR1	NA	absorbance_BR_mean	3.125	0.8965
HEK293T_Parental	BR2	T1	absorbance	3.125	0.5622
HEK293T_Parental	BR2	T2	absorbance	3.125	0.6926
HEK293T_Parental	BR2	T3	absorbance	3.125	0.7759
HEK293T_Parental	BR2	NA	absorbance_BR_mean	3.125	0.6769
HEK293T_Parental	BR3	T1	absorbance	3.125	0.6426
HEK293T_Parental	BR3	T2	absorbance	3.125	0.7404
HEK293T_Parental	BR3	T3	absorbance	3.125	0.5599
HEK293T_Parental	BR3	NA	absorbance_BR_mean	3.125	0.6476
HEK293T_Parental	BR1	T1	absorbance	0.78	1.3506
HEK293T_Parental	BR1	T2	absorbance	0.78	1.0546
HEK293T_Parental	BR1	T3	absorbance	0.78	1.0656
HEK293T_Parental	BR1	NA	absorbance_BR_mean	0.78	1.1569
HEK293T_Parental	BR2	T1	absorbance	0.78	0.6801
HEK293T_Parental	BR2	T2	absorbance	0.78	0.7851
HEK293T_Parental	BR2	T3	absorbance	0.78	0.6825
HEK293T_Parental	BR2	NA	absorbance_BR_mean	0.78	0.7159
HEK293T_Parental	BR3	T1	absorbance	0.78	0.6735
HEK293T_Parental	BR3	T2	absorbance	0.78	0.9577
HEK293T_Parental	BR3	T3	absorbance	0.78	0.6279
HEK293T_Parental	BR3	NA	absorbance_BR_mean	0.78	0.753
HEK293T_Parental	BR1	T1	absorbance	0.195	1.1965
HEK293T_Parental	BR1	T2	absorbance	0.195	0.8461
HEK293T_Parental	BR1	T3	absorbance	0.195	1.3443
HEK293T_Parental	BR1	NA	absorbance_BR_mean	0.195	1.129
HEK293T_Parental	BR2	T1	absorbance	0.195	0.6649
HEK293T_Parental	BR2	T2	absorbance	0.195	0.7994
HEK293T_Parental	BR2	T3	absorbance	0.195	0.8325
HEK293T_Parental	BR2	NA	absorbance_BR_mean	0.195	0.7656
HEK293T_Parental	BR3	T1	absorbance	0.195	0.6335
HEK293T_Parental	BR3	T2	absorbance	0.195	0.6177
HEK293T_Parental	BR3	T3	absorbance	0.195	0.5846
HEK293T_Parental	BR3	NA	absorbance_BR_mean	0.195	0.6119
HEK293T_Parental	BR1	T1	absorbance	0.049	1.1223
HEK293T_Parental	BR1	T2	absorbance	0.049	1.2966
HEK293T_Parental	BR1	T3	absorbance	0.049	1.1457
HEK293T_Parental	BR1	NA	absorbance_BR_mean	0.049	1.1882
HEK293T_Parental	BR2	T1	absorbance	0.049	0.9429
HEK293T_Parental	BR2	T2	absorbance	0.049	0.7834
HEK293T_Parental	BR2	T3	absorbance	0.049	0.9295
HEK293T_Parental	BR2	NA	absorbance_BR_mean	0.049	0.8853
HEK293T_Parental	BR3	T1	absorbance	0.049	0.7016
HEK293T_Parental	BR3	T2	absorbance	0.049	0.667
HEK293T_Parental	BR3	T3	absorbance	0.049	0.5977
HEK293T_Parental	BR3	NA	absorbance_BR_mean	0.049	0.6554
HEK293T_Parental	BR1	T1	absorbance	0.0122	1.0768
HEK293T_Parental	BR1	T2	absorbance	0.0122	1.1049
HEK293T_Parental	BR1	T3	absorbance	0.0122	1.0811
HEK293T_Parental	BR1	NA	absorbance_BR_mean	0.0122	1.0876
HEK293T_Parental	BR2	T1	absorbance	0.0122	0.6604
HEK293T_Parental	BR2	T2	absorbance	0.0122	0.8126
HEK293T_Parental	BR2	T3	absorbance	0.0122	0.8329
HEK293T_Parental	BR2	NA	absorbance_BR_mean	0.0122	0.7686
HEK293T_Parental	BR3	T1	absorbance	0.0122	0.6992
HEK293T_Parental	BR3	T2	absorbance	0.0122	0.6856
HEK293T_Parental	BR3	T3	absorbance	0.0122	0.6468
HEK293T_Parental	BR3	NA	absorbance_BR_mean	0.0122	0.6772
HEK293T_Parental	BR1	T1	absorbance	0.003	1.113
HEK293T_Parental	BR1	T2	absorbance	0.003	1.1512
HEK293T_Parental	BR1	T3	absorbance	0.003	1.1255
HEK293T_Parental	BR1	NA	absorbance_BR_mean	0.003	1.1299
HEK293T_Parental	BR2	T1	absorbance	0.003	0.7474
HEK293T_Parental	BR2	T2	absorbance	0.003	0.8161
HEK293T_Parental	BR2	T3	absorbance	0.003	0.7876
HEK293T_Parental	BR2	NA	absorbance_BR_mean	0.003	0.7837
HEK293T_Parental	BR3	T1	absorbance	0.003	0.6845
HEK293T_Parental	BR3	T2	absorbance	0.003	0.6585
HEK293T_Parental	BR3	T3	absorbance	0.003	0.6557
HEK293T_Parental	BR3	NA	absorbance_BR_mean	0.003	0.6662
HEK293T_Parental	BR1	T1	absorbance	DMSO	1.1815
HEK293T_Parental	BR1	T2	absorbance	DMSO	0.9375
HEK293T_Parental	BR1	T3	absorbance	DMSO	1.0066
HEK293T_Parental	BR1	NA	absorbance_BR_mean	DMSO	1.0419
HEK293T_Parental	BR2	T1	absorbance	DMSO	0.687
HEK293T_Parental	BR2	T2	absorbance	DMSO	0.8743
HEK293T_Parental	BR2	T3	absorbance	DMSO	0.899
HEK293T_Parental	BR2	NA	absorbance_BR_mean	DMSO	0.8201
HEK293T_Parental	BR3	T1	absorbance	DMSO	0.82
HEK293T_Parental	BR3	T2	absorbance	DMSO	0.6926
HEK293T_Parental	BR3	T3	absorbance	DMSO	0.6592
HEK293T_Parental	BR3	NA	absorbance_BR_mean	DMSO	0.7239
HEK293T_Parental	BR1	T1	absorbance	Media	1.1192
HEK293T_Parental	BR1	T2	absorbance	Media	1.0067
HEK293T_Parental	BR1	T3	absorbance	Media	1.1447
HEK293T_Parental	BR1	NA	absorbance_BR_mean	Media	1.0902
HEK293T_Parental	BR2	T1	absorbance	Media	0.6985
HEK293T_Parental	BR2	T2	absorbance	Media	0.7483
HEK293T_Parental	BR2	T3	absorbance	Media	0.7007
HEK293T_Parental	BR2	NA	absorbance_BR_mean	Media	0.7158
HEK293T_Parental	BR3	T1	absorbance	Media	0.8036
HEK293T_Parental	BR3	T2	absorbance	Media	1.0697
HEK293T_Parental	BR3	T3	absorbance	Media	0.663
HEK293T_Parental	BR3	NA	absorbance_BR_mean	Media	0.8454
HEK293T_Parental	BR1	NA	IC50_uM_per_BR	NA	4.18
HEK293T_Parental	BR2	NA	IC50_uM_per_BR	NA	4.02
HEK293T_Parental	BR3	NA	IC50_uM_per_BR	NA	4.1
BRCA1_Q1200X	NA	NA	IC50_mean_uM	NA	2.1
BRCA1_Q1200X	NA	NA	IC50_sem_uM	NA	0.265
BRCA2_I1962T	NA	NA	IC50_mean_uM	NA	2.5
BRCA2_I1962T	NA	NA	IC50_sem_uM	NA	0.115
HEK293T_Parental	NA	NA	IC50_mean_uM	NA	4.1
HEK293T_Parental	NA	NA	IC50_sem_uM	NA	0.046
